feature1,feature2,label
0.8473191992353538,0.6866735416879309,1
0.4766281603059196,0.15894350280942116,0
0.2820617226621638,0.697060974457022,0
0.4325259641981648,0.023812375392502028,0
0.9706233005546399,0.1160251733334835,0
0.3678360041675104,0.8317868128456298,1
0.13634378197537023,0.21166245161257435,1
0.1467804260951322,0.9070154853724832,0
0.08104390605331457,0.899054615471145,0
0.8404437745941552,0.5782721143310402,1
